{
  "yaw": {
    "p": {
      "value": 0.22499999403953552,
      "min": 0.0,
      "max": 0.6000000238418579
    },
    "i": {
      "value": 0.0,
      "min": 0.0,
      "max": 1.0
    },
    "d": {
      "value": 0.0,
      "min": 0.0,
      "max": 1.0
    }
  },
  "pitch": {
    "p": {
      "value": 0.05789000168442726,
      "min": 0.0,
      "max": 0.07000000029802322
    },
    "i": {
      "value": 0.0,
      "min": 0.0,
      "max": 1.0
    },
    "d": {
      "value": 0.0,
      "min": 0.0,
      "max": 1.0
    }
  },
  "roll": {
    "p": {
      "value": 0.05787999927997589,
      "min": 0.0,
      "max": 0.07000000029802322
    },
    "i": {
      "value": 0.0,
      "min": 0.0,
      "max": 1.0
    },
    "d": {
      "value": 0.0,
      "min": 0.0,
      "max": 1.0
    }
  },
  "lift": {
    "p": {
      "value": 10.096150398254395,
      "min": 0.0,
      "max": 15.0
    },
    "i": {
      "value": 0.0,
      "min": 0.0,
      "max": 1.0
    },
    "d": {
      "value": 0.0,
      "min": 0.0,
      "max": 1.0
    }
  }
}