{
  "yaw": {
    "p": {
      "value": 0.8115400075912476,
      "min": 0.0,
      "max": 1.0
    },
    "i": {
      "value": 0.0,
      "min": 0.0,
      "max": 1.0
    },
    "d": {
      "value": 0.0,
      "min": 0.0,
      "max": 1.0
    }
  },
  "pitch": {
    "p": {
      "value": 0.014419999904930592,
      "min": 0.0,
      "max": 0.5
    },
    "i": {
      "value": 3.9999998989515007e-05,
      "min": 0.0,
      "max": 9.999999747378752e-05
    },
    "d": {
      "value": 0.002460000105202198,
      "min": 0.0,
      "max": 0.004999999888241291
    }
  },
  "roll": {
    "p": {
      "value": 0.01923000067472458,
      "min": 0.0,
      "max": 0.5
    },
    "i": {
      "value": 5.999999848427251e-05,
      "min": 0.0,
      "max": 9.999999747378752e-05
    },
    "d": {
      "value": 0.002400000113993883,
      "min": 0.0,
      "max": 0.004999999888241291
    }
  },
  "lift": {
    "p": {
      "value": 1.5384600162506104,
      "min": 0.0,
      "max": 10.0
    },
    "i": {
      "value": 0.0,
      "min": 0.0,
      "max": 1.0
    },
    "d": {
      "value": 0.0,
      "min": 0.0,
      "max": 1.0
    }
  }
}
