{
  "yaw": {
    "p": {
      "value": 0.0,
      "min": 0.0,
      "max": 1.0
    },
    "i": {
      "value": 0.3846200108528137,
      "min": 0.0,
      "max": 1.0
    },
    "d": {
      "value": 0.0,
      "min": 0.0,
      "max": 1.0
    }
  },
  "pitch": {
    "p": {
      "value": 0.03846000134944916,
      "min": 0.0,
      "max": 1.0
    },
    "i": {
      "value": 0.7980800271034241,
      "min": 0.0,
      "max": 1.0
    },
    "d": {
      "value": 0.0,
      "min": 0.0,
      "max": 1.0
    }
  },
  "roll": {
    "p": {
      "value": 0.0,
      "min": 0.0,
      "max": 1.0
    },
    "i": {
      "value": 0.5576900243759155,
      "min": 0.0,
      "max": 1.0
    },
    "d": {
      "value": 0.5,
      "min": 0.0,
      "max": 1.0
    }
  },
  "lift": {
    "p": {
      "value": 81.96154022216797,
      "min": 0.0,
      "max": 2131.0
    },
    "i": {
      "value": 0.4038499891757965,
      "min": 0.0,
      "max": 1.0
    },
    "d": {
      "value": 0.0,
      "min": 0.0,
      "max": 1.0
    }
  }
}